15,0,0,0,0,0,0,0
25,0.0000484,0,0,0,0,0,0.0000484
35,0.000919,0,0,0,0,0,0.000919
45,0.00213,0,0,0,0,0,0.00213
55,0.00213,0,0,0,0,0,0.00213
65,0.00271,0,0,0,0,0,0.00271
75,0.003,0.0000484,0,0,0,0,0.00305
85,0.00411,0.00029,0,0,0,0,0.0044
95,0.00266,0.000725,0,0,0,0,0.00339
150,0.00517,0.0103,0,0,0,0,0.0154
250,0.00856,0.0384,0.000774,0,0,0.000145,0.0479
350,0.00812,0.0367,0.00846,0,0,0.0029,0.0562
450,0.0089,0.046,0.016,0,0,0.0143,0.0852
550,0.0158,0.0823,0.0278,0,0,0.0451,0.171
650,0.0255,0.116,0.034,0,0,0.0861,0.262
750,0.0413,0.146,0.0386,0,0,0.154,0.38
850,0.0624,0.17,0.0356,0.0000484,0,0.231,0.499
950,0.0877,0.177,0.0372,0.000193,0,0.32,0.623
1500,0.175,0.171,0.0271,0.000193,0,0.66,1.03
2500,0.252,0.156,0.0186,0.0000967,0,0.974,1.4
3500,0.281,0.179,0.0235,0.0000967,0,1.1,1.59
4500,0.312,0.228,0.0353,0.000193,0,1.21,1.78
5500,0.358,0.33,0.0648,0.000387,0,1.33,2.08
6500,0.43,0.484,0.101,0.000532,0,1.51,2.53
7500,0.53,0.654,0.14,0.00087,0,1.74,3.07
8500,0.626,0.85,0.184,0.0016,0,1.97,3.63
9500,0.723,1.03,0.231,0.00222,0,2.22,4.21
