15,0,0,0,0
25,0.00271,0,0,0.00271
35,0.209,0,0,0.209
45,0.419,0,0,0.419
55,0.531,0,0,0.531
65,0.636,0,0,0.636
75,0.744,0,0,0.744
85,0.818,0,0,0.818
95,0.873,0.0186,0,0.873
150,1.07,0.891,0,1.07
250,1.21,1.11,0.00193,1.21
350,1.24,1.18,0.932,1.24
450,1.26,1.22,1.03,1.26
550,1.28,1.24,1.08,1.28
650,1.28,1.24,1.06,1.28
750,1.28,1.25,1.01,1.28
850,1.3,1.27,0.946,1.3
950,1.31,1.28,0.867,1.31
1500,1.34,1.31,0.603,1.34
2500,1.41,1.37,0.41,1.41
3500,1.59,1.52,0.422,1.59
4500,2.09,1.95,0.605,2.09
5500,2.82,2.58,0.874,2.82
6500,3.65,3.29,1.14,3.65
7500,4.51,4.01,1.42,4.51
8500,5.3,4.69,1.67,5.3
9500,6.11,5.36,1.95,6.11
